word,meaning
milk,우유
not,~아니다
piece,조각
protect,보호하다
race,경주
since,~이후
slow,느린
smile,미소짓다
ticket,티켓
well,잘
accident,사고
blood,피
business,사업
during,~하는 동안
even,~조차
floor,바닥
general,일반적인
choose,고르다
inform,알리다
little,작은
meeting,모임
order,주문
party,파티
pink,분홍
reply,댓글
snow,눈
sugar,설탕
travel,여행
virus,바이러스
watch,손목시계
another,또다른
believe,믿다
both,둘 모두
crazy,미친
cup,컵
decide,결정하다
ever,이제까지
field,들판
heart,심장
imagine,상상하다
line,선
meat,고기
over,위에
pull,당기다
ring,반지
sell,팔다
similar,비슷한
speed,속도
than,~보다
your,너의