word,meaning
all,모두 
and,~과; 그리고
boy,소년 
car,차 
cat,고양이 
day,하루; 일
end,끝; 끝내다 
family,가족 
home,집 
it,그것
man,남자
name,이름
one,하나
people,사람들
read,읽다
school,학교
speak,말하다
the,그 (명사 앞에 붙는 관사)
this,이; 이것
you,너; 당신
ask,묻다
book,책
can,할 수 있다
dog,개
eye,눈
first,첫번째; 먼저
go,가다
he,그; 그 사람
child,아이
in,~안에
learn,배우다
morning,아침
open,열다
play,놀다
question,질문
room,방
say,말하다
start,시작;시작하다
today,오늘
word,단어
about,대략
at,~에서
brother,형제
drink,마시다; 음주하다
easy,쉬운
father,아버지
girl,소녀
help,도움
chair,의자
know,알다