word,meaning
my,나의
new,새로운
paper,종이
please,부디; 제발
rich,부유한; 풍부한
she,그녀 (여자)
show,보여주다
son,아들
they,그들
what,무엇
always,항상
be,있다
body,몸
careful,꼼꼼한
cry,울다
door,문
everything,모두
face,얼굴
her,그녀
if,만약
many,많은
no,아니다
pen,펜
place,장소
road,도로
stop,중지
student,학생
two,두
want,필요
where,어디
answer,대답
between,~사이에서
clear,맑은; 분명한
country,국가
dance,춤추다
do,~을 하다
each,각각의; 매 ~마다
friend,친구
his,그의
job,일
life,생명
more,더
park,공원
person,사람
ready,준비된
second,둘째
soon,곧
that,그것
we,우리
why,왜